metric,adf_stat,p_value,stationary
value,-1.4424608605457017,0.5617592012701278,False
