metric,skewness,kurtosis
value,1.0955461248669034,-0.38420752506012157
