metric,skewness,kurtosis
value,2.2678422330360144,3.1432196532754837
