metric,adf_stat,p_value,stationary
value,-2.2761330925542933,0.1797810887100958,False
