metric,skewness,kurtosis
value,-11.489803525847504,146.305628897999
