metric,skewness,kurtosis
value,0.7998328340653226,-1.3583337947304845
