metric,skewness,kurtosis
value,0.9910634943677801,-0.9639416459163628
