metric,adf_stat,p_value,stationary
value,-15.055184653497376,9.171948290691364e-28,True
