metric,adf_stat,p_value,stationary
value,-2.1444784794695826,0.22700956648255444,False
