metric,adf_stat,p_value,stationary
value,-1.5238898375492937,0.5216620238513211,False
