metric,adf_stat,p_value,stationary
value,-1.9304041219473207,0.3178959685028224,False
