metric,skewness,kurtosis
value,5.2294910794713205,26.503835626803404
