metric,skewness,kurtosis
value,2.2652180243661224,3.1313464212518323
