metric,adf_stat,p_value,stationary
value,-2.531946197468806,0.10789366614761453,False
