metric,adf_stat,p_value,stationary
value,-2.531946197468808,0.10789366614761386,False
