metric,skewness,kurtosis
value,0.9807347942745269,-0.8209673872083392
