metric,skewness,kurtosis
value,0.9942105072307451,-0.9330965152699884
