metric,skewness,kurtosis
value,2.0725515328636934,7.312670384081867
