metric,skewness,kurtosis
value,0.8076627534001252,-1.3457779404399866
