metric,adf_stat,p_value,stationary
value,-2.9853705137958886,0.03628338097955327,True
