metric,adf_stat,p_value,stationary
value,-2.606209135127799,0.09172074411675618,False
