metric,skewness,kurtosis
value,-11.621435766290704,164.03167469667767
