metric,adf_stat,p_value,stationary
value,-2.1457400758315495,0.22652424129206233,False
