metric,skewness,kurtosis
value,1.1011315806096913,-0.2879196715882113
