metric,adf_stat,p_value,stationary
value,-3.0185591347526444,0.033197186049378734,True
