metric,adf_stat,p_value,stationary
value,-2.6831855228376345,0.07699337648944524,False
