metric,skewness,kurtosis
value,2.266674596909158,3.1379125483643584
