metric,adf_stat,p_value,stationary
value,-1.5228844774524213,0.5221618765574789,False
