metric,skewness,kurtosis
value,0.8076209832115278,-1.3457870926867626
