metric,skewness,kurtosis
value,3.7034868807205488,11.74190211351756
