metric,skewness,kurtosis
value,0.9964631785173248,-0.9383669842775939
