metric,adf_stat,p_value,stationary
value,-10.270475134663826,4.0139338670500456e-18,True
