metric,skewness,kurtosis
value,-6.3142994159211865,39.094925467134345
