,1 - Baseline,2 - Attack,3 - Recovery
value,0.1229519450664039,1.0169215750081355,0.0167497188746797
